Link,Title,Badge
https://cryptonews.com/news/arch-labs-7-million-to-develop-bitcoin-native-application-platform.htm,Arch Labs $7 Million to Develop Bitcoin-Native Application Platform,Bitcoin News
https://cryptonews.com/cryptocurrency/best-crypto-to-stake/,Top 15 Best Crypto Coins to Stake in May 2024,
https://cryptonews.com/cryptocurrency/best-crypto-tiktok-accounts/,11 Best Crypto TikTok Accounts & Influencers in 2024,
https://cryptonews.com/cryptocurrency/most-volatile-crypto/,14 Most Volatile Cryptos to Trade in 2024,
https://cryptonews.com/news/attacker-returns-153000-worth-of-ether-to-victim-after-stealing-68-million.htm,"Attacker Returns $153,000 Worth of Ether to Victim After Stealing $68 Million",News
https://cryptonews.com/cryptocurrency/best-crypto-apps/,10 Best Crypto Apps on Mobile in 2024,
https://cryptonews.com/news/penguiana-presale-surges-as-slothana-investors-flock-to-the-next-big-meme-coin-wave-on-solana.htm,Penguiana Presale Surges As Slothana Investors Flock To The Next Big Meme Coin Wave On Solana,Press Releases
https://cryptonews.com/news/eclipse-labs-ceo-steps-down-following-sexual-misconduct-allegations.htm,Eclipse Labs CEO Steps Back Following Sexual Misconduct Allegations,News
https://cryptonews.com/news/marathon-digital-reports-facing-operational-challenges-in-q1-earnings.htm,Marathon Digital Reports Facing 'Operational Challenges' in Q1 Earnings,News
https://cryptonews.com/news/gains-network-fork-bug.htm,Gains Network Fork Bug Allowed Traders To Profit 900% On Every Trade: Report,DeFi News
https://cryptonews.com/news/georgia-protests-are-funded-by-overseas-crypto-claims-security-service.htm,"Georgia Protests ?Are Funded by Overseas Crypto,? Claims Security Service",News
https://cryptonews.com/news/pepe-investors-shift-to-new-bitcoin-project-targeting-976-gains-within-months.htm,"Pepe Investors Shift to New Bitcoin Project, Targeting 976% Gains Within Months",Industry Talk
https://cryptonews.com/news/3-memecoins-identified-for-potential-1500-returns-in-mid-may-2024-expert-pinpoints-3-altcoins-for-potential-1500-returns-by-may-2024.htm,3 Memecoins Identified for Potential 1500% Returns in Mid-May 2024 Expert Pinpoints 3 Altcoins for Potential 1500% Returns by May 2024,Press Releases
https://cryptonews.com/news/ghana-merges-tradition-and-technology-with-nft-stamp-collection.htm,Ghana Merges Tradition and Technology with NFT Stamp Collection,NFT News
https://cryptonews.com/news/ethereum-price-prediction-amidst-heavy-whale-purchases-will-eth-break-past-3000-soon.htm,"Ethereum Price Prediction Amidst Heavy Whale Purchases ? Will ETH Break Past $3,000 Soon?",Price Predictions
https://cryptonews.com/news/marsh-introduces-insurance-solution-for-eu-crypto-asset-service-providers.htm,Marsh Introduces Insurance Solution for EU Crypto-Asset Service Providers,Altcoin News
https://cryptonews.com/news/blockdaemon-expands-into-eth-liquid-staking-market.htm,Blockchain Infrastructure Firm Blockdaemon Expands into ETH Liquid Staking Market,News
https://cryptonews.com/news/bitcoin-bull-allocates-funds-to-ethereum-alternative-priced-under-0-01.htm,Bitcoin Bull Allocates Funds to Ethereum Alternative Priced Under $0.01,Press Releases
https://cryptonews.com/news/near-protocol-recent-cryptic-x-posts-raise-hack-suspicions.htm,Cryptic NEAR Protocol X Posts Raise Hack Suspicions,Blockchain News
https://cryptonews.com/news/pantera-capital-joins-bullish-bitcoin-forecasts-predicts-price-surge-to-114000-by-2025.htm,"Pantera Capital Joins Bullish Bitcoin Forecasts, Predicts Price Surge to $114,000 by 2025",Bitcoin News
https://cryptonews.com/news/trader-who-predicted-bitcoins-2024-rise-eyes-3-altcoins-for-high-returns-by-june.htm,Trader Who Predicted Bitcoin's 2024 Rise Eyes 3 Altcoins for High Returns by June,Press Releases
https://cryptonews.com/news/eu-securities-watchdog-considers-including-crypto-in-investment-products-expanding-market-access.htm,"EU Securities Watchdog Considers Including Crypto in Investment Products, Expanding Market Access",Altcoin News
https://cryptonews.com/news/bitgert-coin-price-surge-analysts-bullish-on-upward-trend.htm,Bitgert Coin Price Surge: Analysts Bullish on Upward Trend,Press Releases
https://cryptonews.com/news/trump-mocks-boden-memecoin-240m-market-cap.htm,"Trump Mocks ?Boden? Memecoin?s $240M Market Cap, BODEN Token Surges 25%",Altcoin News
https://cryptonews.com/news/tether-boosts-crypto-payments-in-eastern-europe-with-investment-in-citypay-io.htm,Tether Boosts Crypto Payments in Eastern Europe with Investment in CityPay.io,News
https://cryptonews.com/news/us-house-proposes-bill-to-ban-crypto-mixers-for-two-years.htm,US House Proposes Bill to Ban Cryptocurrency Mixers for Two Years,News
https://cryptonews.com/news/pengu-token-presale-rages-on-with-over-600-sol-raised-is-this-set-to-beat-the-likes-of-slothana-book-of-meme.htm,$PENGU Token Presale Rages On With Over 600 SOL Raised: Is This Set To Beat The Likes Of Slothana & Book Of Meme?,Press Releases
https://cryptonews.com/news/bitcoin-price-prediction-as-1b-liquidity-fund-launched-for-hong-kong-crypto-etfs-will-asia-lead-the-next-bull-market.htm,Bitcoin Price Prediction as $1B Liquidity Fund Launched for Hong Kong Crypto ETFs ? Will Asia Lead the Next Bull Market?,Bitcoin News
https://cryptonews.com/news/best-crypto-to-buy-today-may-8-ethereum-classic-tron-kaspa.htm,"Best Crypto to Buy Today May 8 ? Ethereum Classic, Tron, Kaspa",Industry Talk
https://cryptonews.com/news/shiba-inu-investors-move-to-new-ico-targeting-1000-returns.htm,"Shiba Inu Investors Move to New ICO, Targeting 1000% Returns",Industry Talk
https://cryptonews.com/news/coincheck-targets-nasdaq-listing-in-q3.htm,Japanese Exchange Coincheck Targets Nasdaq Listing in Q3 ? Crypto Adoption Rising?,Blockchain News
https://cryptonews.com/news/trump-token-soars-on-base-with-traders-eyeing-next-dog-themed-coin-for-100x-jump.htm,"'Trump' Token Soars on Base, with Traders Eyeing Next Dog-Themed Coin for 100x Jump",Industry Talk
https://cryptonews.com/news/terra-luna-classic-price-prediction-as-lunc-rallies-4-despite-failed-governance-proposal-can-it-sustain-the-momentum.htm,Terra Luna Classic Price Prediction as LUNC Rallies 4% Despite Failed Governance Proposal ? Can It Sustain the Momentum?,Price Predictions
https://cryptonews.com/news/solanas-sealana-seal-is-making-meme-coins-great-again-raises-300000-in-first-week.htm,"Solana?s SEALANA ($SEAL) Is Making Meme Coins Great Again, Raises $300,000 in First Week",Press Releases
https://cryptonews.com/news/tokenized-assets-mastercard.htm,US Banks and Mastercard Test Ledger Tech for Settling Tokenized Assets ? Institutional Adoption on the Rise?,Blockchain News
https://cryptonews.com/news/last-chance-to-buy-solanas-greatest-multichain-meme-coin-dogeverse-in-17-million-presale.htm,"Last Chance to Buy Solana?s Greatest Multichain Meme Coin, $DOGEVERSE, In $17 Million Presale",Industry Talk
https://cryptonews.com/news/trump-nft-buyers-dine-with-trump-as-stormy-daniels-testafies-in-trump-trial.htm,Donald Trump Set To Dine With NFT Buyers At Mar-a-Lago: Report,Blockchain News
https://cryptonews.com/news/celestias-tia-price-falls-5-as-capital-shifts-to-upcoming-solana-meme-coin.htm,"Celestia's TIA Price Falls 5%, as Capital Shifts to Upcoming Solana Meme Coin",Industry Talk
https://cryptonews.com/news/sec-argues-for-injunctions-in-final-response-in-ripple-xrp-case.htm,SEC Argues for Injunctions in Final Response of Ripple XRP Case,Blockchain News
https://cryptonews.com/news/chaingpt-pad-launches-engines-of-fury-bringing-enhanced-web3-gaming-experiences-to-mainstream-players.htm,"ChainGPT Pad launches Engines of Fury, bringing enhanced Web3 gaming experiences to mainstream players",Press Releases
https://cryptonews.com/news/ai-predicts-china-will-ban-high-energy-blockchains.htm,AI Predicts China Will Ban High-Energy Blockchains,Blockchain News
https://cryptonews.com/news/crypto-scam-update-stolen-71m-wbtc-loot-distributed-among-multiple-wallets.htm,Crypto Scam Update: Stolen $71M WBTC Loot Distributed Among Multiple Wallets,Altcoin News
https://cryptonews.com/news/pushds-innovative-e-commerce-model-draws-monero-zcash-for-potential-100x-returns.htm,Pushd?s Innovative E-Commerce Model Draws Monero & Zcash for Potential 100X Returns,Press Releases
https://cryptonews.com/news/leading-asian-crypto-info-provider-coinness-launches-english-live-feed-with-free-api-offer.htm,Leading Asian crypto info provider CoinNess launches English Live Feed with free API offer,Press Releases
https://cryptonews.com/news/chainalysis-launches-regional-headquarters-in-dubai.htm,Blockchain Intelligence Platform Chainalysis Launches Regional Headquarters in Dubai,Blockchain News
https://cryptonews.com/exclusives/armani-ferrante-ceo-of-backpack-on-solana-and-web3-super-apps-ep-332.htm,"Armani Ferrante, CEO of Backpack, on Solana and Web3 Super Apps | Ep. 332",Podcast
https://cryptonews.com/news/solana-ecosystem-sol-price-report-april-2024.htm,A Spring Downfall: Solana Ecosystem and SOL Price Action in April 2024,Exclusives
https://cryptonews.com/news/majority-of-americans-see-financial-system-as-outdated-but-remain-skeptical-of-crypto-as-solution.htm,"Majority of Americans See Financial System as 'Outdated,' But Remain Skeptical of Crypto as Solution",Altcoin News
https://cryptonews.com/news/starknet-boosts-blockchain-innovation-with-5m-grant-program.htm,Starknet Foundation Boosts Blockchain Innovation With $5M Grants Program,Blockchain News
https://cryptonews.com/news/robinhood-ceo-criticizes-regulatory-onslaught-on-crypto-us-pledges-to-challenge-sec.htm,"Robinhood CEO Criticizes 'Regulatory Onslaught' on Crypto US, Pledges to Challenge SEC",Blockchain News
https://cryptonews.com/news/poloniex-hacker-funnels-3-4-million-through-tornado-cash-mixer.htm,Poloniex Hacker Reportedly Funnels $3.4 Million through Tornado Cash Mixer,Blockchain News
https://cryptonews.com/news/state-owned-german-bank-introduce-digital-bonds.htm,State-owned German Bank Set to Introduce Blockchain-Backed Digital Bonds,Blockchain News
https://cryptonews.com/news/digital-currency-group-finds-crypto-significant-ahead-of-joe-biden-donald-trump-election.htm,"Crypto Is A Key Issue For 1 in 5 Voters In The 2024 US Elections, Digital Currency Group Says",Blockchain News
https://cryptonews.com/news/crypto-experts-bulk-up-on-new-web3-utility-coin-next-big-bitcoin-challenger.htm,Crypto Experts Bulk Up on New Web3 Utility Coin ? Next Big Bitcoin Challenger?,Industry Talk
https://cryptonews.com/news/best-crypto-to-buy-now-may-7-bitcoin-aioz-network-ethena.htm,"Best Crypto to Buy Now May 7 ? Bitcoin, AIOZ Network, Ethena",Industry Talk
https://cryptonews.com/news/colombias-bancolombia-launches-crypto-exchange-wenia-and-stablecoin-copw.htm,Colombia's Bancolombia Launches Crypto Exchange Wenia and Stablecoin COPW,Blockchain News
https://cryptonews.com/news/worldcoin-price-rises-on-may-9-new-chatgpt-rumors-and-traders-focus-on-ai-meme-coin-for-gains.htm,Worldcoin Price Rises on May 9 New ChatGPT Rumors and Traders Focus on AI Meme Coin for Gains,Industry Talk
https://cryptonews.com/news/kelexo-klxo-game-changing-presale-attracts-litecoin-ltc-ethereum-classic-etc-investors-seeking-high-returns.htm,Kelexo (KLXO) Game-Changing Presale Attracts Litecoin (LTC) & Ethereum Classic (ETC) Investors Seeking High Returns,Press Releases
https://cryptonews.com/news/richard-teng-says-tigran-gambaryan-and-binance-employees-offered-settlement-prior-to-binance-executives-detainment.htm,Binance CEO Claims Nigeria Demanded Secret Settlement From Now Detained Binance Executive In January,Blockchain News
https://cryptonews.com/news/ethernity-switches-to-ai-enhanced-ethereum-layer-2.htm,Ethernity Switches to AI Enhanced Ethereum Layer 2 to Prevent Counterfeit Asset Trading,News
https://cryptonews.com/news/meme-coin-news-tesla-adds-doge-payments-whale-buys-10-4m-in-pepe.htm,"Meme Coin News: Tesla Adds DOGE Payments, Whale Buys $10.4M in PEPE",Altcoin News
https://cryptonews.com/news/chaingpt-pad-launches-omnia-protocol-to-enhance-and-secure-web3-for-defi-users-via-depin-and-mev.htm,ChainGPT Pad launches OMNIA Protocol to enhance and secure Web3 for DeFi users via DePIN and MEV,Press Releases
https://cryptonews.com/news/nigeria-to-delist-naira-from-crypto-p2p-space-to-curb-manipulation.htm,Nigeria to Delist Naira From Crypto P2P Space to Curb Manipulation,Altcoin News
https://cryptonews.com/news/ubisofts-upcoming-web3-game-is-a-defining-moment-for-the-future-of-video-games.htm,Ubisoft?s Upcoming Web3 Game Is A Defining Moment For The Future Of Video Games,Press Releases
https://cryptonews.com/news/exodus-approved-for-nyse-listing-trading-begins-on-may-9.htm,"Exodus Approved for NYSE Listing, Trading Begins on May 9",Blockchain News
https://cryptonews.com/news/is-bonk-price-heading-to-zero-drops-6-as-solana-meme-legend-seal-raises-250000.htm,"Is BONK Price Heading to Zero? Drops 8.5% as Solana Meme Legend SEAL Raises $250,000",Industry Talk
https://cryptonews.com/news/bitgert-coin-crypto-experts-forecast-a-potential-500-price-surge.htm,Bitgert Coin: Crypto Experts Forecast a Potential +500% Price Surge,Press Releases
https://cryptonews.com/news/dont-miss-the-penguiana-presale-as-pengu-is-set-to-outshine-slothana-myro-with-over-500-sol-raised-in-hours.htm,Don't Miss The Penguiana Presale As $PENGU Is Set to Outshine Slothana & Myro With Over 500 SOL Raised In Hours,Press Releases
https://cryptonews.com/news/polygon-launches-alpha-testnet-of-zero-knowledge-rollup-solution-miden.htm,Polygon Launches Alpha Testnet of Zero-Knowledge Rollup Solution 'Miden',Ethereum News
https://cryptonews.com/news/public-mining-companies-experience-production-decline.htm,Public Mining Companies Experience Production Decline of 6-12% in April Post-Halving,News
https://cryptonews.com/news/what-is-blastup-launchpad-and-how-is-it-changing-the-game-for-new-crypto-launches.htm,What Is BlastUP Launchpad And How Is It Changing The Game For New Crypto Launches,Press Releases
https://cryptonews.com/news/sec-delays-decision-on-galaxy-spot-eth-etf.htm,SEC Delays Decision on Invesco Galaxy Spot Ethereum ETF,News
https://cryptonews.com/news/bitcoin-miners-after-halving.htm,Here's How Bitcoin Miners Performed Last Month After The Halving,Bitcoin News
https://cryptonews.com/news/kenya-appoints-marathon-digital-as-consultant-for-cryptocurrency-regime-and-mining-energy-needs.htm,Kenya Appoints Marathon Digital as Consultant for Cryptocurrency Regime and Mining Energy Needs,Blockchain News
https://cryptonews.com/news/cartier-jewelry-heir-busted-for-laundering-money-with-crypto.htm,Cartier Jewelry Heir Busted for Laundering Money with Crypto,Blockchain News
https://cryptonews.com/news/bitcoin-wallet-comes-alive-after-over-a-decade-of-inactivity.htm,Whale's Bitcoin Wallet Comes Alive After Over a Decade of Inactivity,Blockchain News
https://cryptonews.com/news/chainlink-link-and-cardano-ada-investors-target-20x-returns-with-kelexo-klxo-amid-post-halving-stability.htm,Chainlink (LINK) and Cardano (ADA) Investors Target 20X Returns with Kelexo (KLXO) Amid Post-Halving Stability,Press Releases
https://cryptonews.com/news/uniswap-neo-communities-excited-by-pushds-strategic-e-commerce-advances-in-stage-6-presale.htm,Uniswap and NEO Communities Excited by Pushd?s Strategic E-Commerce Advances in Stage 6 Presale,Press Releases
https://cryptonews.com/news/once-a-meme-now-a-memecoin-sensation-apu-apustaja.htm,"Once a Meme, Now a Memecoin Sensation: Apu Apustaja",Press Releases
https://cryptonews.com/news/friend-is-down-6-3-but-experts-say-new-dog-themed-ico-can-offer-1763-returns.htm,"FRIEND Is Down 6.3%, But Experts Say New Dog-Themed Crypto ICO Can Offer 1,763% Returns",Industry Talk
https://cryptonews.com/news/stacks-hedera-network-and-iron-fish-join-axelar-interchain.htm,"Stacks, Moonriver, Hedera Network and Iron Fish Join Axelar's Interchain Amplifier",News
https://cryptonews.com/news/australian-federal-court-rules-mostly-in-favor-of-regulator-in-case-against-bps-financial.htm,Australian Federal Court Rules Mostly in Favor of Regulator in Case Against BPS Financial,Altcoin News
https://cryptonews.com/news/2-key-crypto-events-to-keep-an-eye-on-in-may-2024-secs-ethereum-eth-etf-decision-retik-finance-retik-launch-on-21st-may-2024.htm,"2 Key Crypto Events to Keep an Eye on in May 2024: SEC's Ethereum (ETH) ETF Decision, Retik Finance (RETIK) Launch on 21st May 2024",Press Releases
https://cryptonews.com/news/over-90-of-stablecoin-transaction-volumes-are-not-from-genuine-users-study-reveals.htm,Over 90% of Stablecoin Transaction Volumes Are Not From Genuine Users: Visa Study,Altcoin News
https://cryptonews.com/news/the-time-is-now-bitgert-coin-price-to-soar-in-the-upcoming-week.htm,The Time Is Now: Bitgert Coin Price to Soar in the Upcoming Week,Press Releases
https://cryptonews.com/news/bitcoin-price-prediction-45.htm,Bitcoin Price Prediction: $64K Surge Amid ETF Inflows & 1B Transactions,News
https://cryptonews.com/news/crypto-venture-capital-funding-surpasses-1-billion.htm,Crypto Venture Capital Funding Surpasses $1 Billion for Second Consecutive Month,Altcoin News
https://cryptonews.com/news/bitcoin-crosses-one-billion-transactions-after-15-years.htm,Bitcoin Crosses One Billion Transactions After 15 Years,Bitcoin News
https://cryptonews.com/news/dogwifhat-pepe-and-dogecoin-all-spike-as-crypto-market-cap-gains-7-is-it-time-to-buy-meme-coins.htm,"Dogwifhat, Pepe and Dogecoin All Spike As Crypto Market Cap Gains 7% - Is It Time to Buy Meme Coins?",Price Predictions
https://cryptonews.com/news/crypto-excluded-from-new-south-korean-donations-law.htm,Crypto Excluded from New South Korean Donations Law,News
https://cryptonews.com/news/coinpoker-hosts-top-poker-tournament-of-the-year-csop-plus.htm,CoinPoker Hosts The Top Poker Tournaments Of The Year In May - CSOP+,Blockchain News
https://cryptonews.com/news/bitcoins-bearish-phase-ends-can-this-chainlink-competitor-surge-after-bullish-signs.htm,"Bitcoin's Bearish Phase Ends, Can this Chainlink Competitor Surge After Bullish Signs?",Press Releases
https://cryptonews.com/news/internet-computer-launches-ckusdc-sepolia-an-icp-copy-of-usdc-in-ckerc20-token-standard.htm,"Internet Computer Launches ckUSDC Sepolia, an ICP Copy of USDC in ckERC20 Token Standard",Altcoin News
https://cryptonews.com/news/why-1k-invested-in-aptos-optimism-and-blastup-today-could-mean-buying-a-dream-house-by-the-end-of-2024.htm,"Why $1k Invested in Aptos, Optimism and BlastUP Today Could Mean Buying a Dream House By the End Of 2024",Press Releases
https://cryptonews.com/news/ripple-price-prediction-as-charts-show-potential-for-50x-returns-and-analysts-predict-a-spike-time-to-buy.htm,Ripple Price Prediction as Charts Show Potential for 50x Returns And Analysts Predict A Spike - Time to Buy?,Price Predictions
https://cryptonews.com/news/eco-friendly-dogecoin-killer-dogecoin20-hits-mexc-tomorrow-with-45-staking-rewards.htm,Eco Friendly Dogecoin-Killer Dogecoin20 Hits MEXC Tomorrow With 45% Staking Rewards!,Industry Talk
https://cryptonews.com/news/bitgert-coin-may-2024s-crypto-marvel-in-the-making.htm,Bitgert Coin: May 2024's Crypto Marvel in the Making,Press Releases
https://cryptonews.com/news/friend-tech-native-token-tanks-after-biggest-whale-dumps.htm,Friend.tech Native Token Tanks 50% After Biggest Whale Dumps,Altcoin News
https://cryptonews.com/news/is-internet-computer-going-to-zero-icp-price-drops-2-3-investors-rush-into-this-new-gamblefi-token.htm,"Is Internet Computer Going to Zero? ICP Price Drops 2.3%, Investors Rush Into This New GambleFi Token",Industry Talk
https://cryptonews.com/news/chinas-next-gen-startups-take-on-industry-giant-openai.htm,Chinese AI Startups Take on Industry Giant OpenAI,Technology News
https://cryptonews.com/news/top-crypto-gainers-today-on-dexscreener-arky-peepo-three.htm,"Top Crypto Gainers Today on DEXScreener ? ARKY, PEEPO, THREE",Industry Talk
https://cryptonews.com/news/edward-snowden-addresses-bitcoin-privacy-after-crypto-mixers-charged.htm,Edward Snowden Warns ?The Clock Is Ticking? for Bitcoin Privacy,Bitcoin News
https://cryptonews.com/news/best-crypto-to-buy-today-may-3-ordinals-pendle-hedera.htm,"Best Crypto to Buy Today May 3 ? Ordinals, Pendle, Hedera",Industry Talk
https://cryptonews.com/news/nigerian-sec-to-meet-with-crypto-exchanges-amid-binance-execuitives-arrest-crypto-regulation-crackdown.htm,Nigerian SEC Set To Meet With Foreign Crypto Exchanges Amid Regulatory Crackdown: Report,News
https://cryptonews.com/exclusives/tascha-punyaneramitdee-founder-of-init-capital-on-defi-liquidity-hook-money-markets-point-farming-in-crypto-and-2024-trends-ep-331.htm,"Tascha Punyaneramitdee, Founder of INIT Capital, on DeFi, Liquidity Hook Money Markets, Point Farming in Crypto, and 2024 Trends | Ep. 331",DeFi News
https://cryptonews.com/news/vodafone-aims-to-use-sim-cards-to-facilitate-crypto-transactions-on-mobile-phones.htm,Vodafone Aims to Use SIM Cards to Facilitate Crypto Transactions on Mobile Phones,Blockchain News
https://cryptonews.com/news/bonk-price-is-up-13-4-but-experts-say-new-dog-themed-ico-can-offer-1026-returns.htm,"Bonk Price Is Up 13.4%, But Experts Say New Dog-Themed ICO Can Offer 1,026% Returns",Industry Talk
https://cryptonews.com/news/ens-takes-legal-action-over-unstoppable-domains-blockchain-naming-patent.htm,ENS Takes Legal Action Over Unstoppable Domains' Blockchain Naming Patent,Blockchain News
https://cryptonews.com/news/befe-coin-the-meme-coin-riches-generator-you-need-to-know.htm,BEFE Coin: The MEME Coin Riches Generator You Need to Know,Press Releases
https://cryptonews.com/news/unveiling-bitgert-coin-the-crypto-sensation-of-the-month.htm,Unveiling Bitgert Coin: The Crypto Sensation of the Month,Press Releases
https://cryptonews.com/news/penguiana-launches-pengu-token-presale-is-this-the-next-solanas-meme-moonshot.htm,Penguiana Launches $PENGU Token Presale Is This The Next Solana's Meme Moonshot?,Press Releases
https://cryptonews.com/news/announcement-dede-coin-the-dino-meme-cryptocurrency-on-solana-captures-global-interest.htm,"Announcement: $DEDE Coin, the Dino-Meme Cryptocurrency on Solana, Captures Global Interest",Press Releases
https://cryptonews.com/news/tether-partners-with-chainalysis-to-monitor-transactions.htm,Tether Partners With Chainalysis to Monitor Transactions and Combat Illicit Activity,News
https://cryptonews.com/news/chimpzee-continues-charitable-efforts-as-web3s-most-wholesome-passive-income-crypto-project-plants-more-trees-nft-passports-launch.htm,Chimpzee Continues Charitable Efforts As Web3's Most Wholesome Passive Income Crypto Project Plants More Trees - NFT Passports Launch,Press Releases
https://cryptonews.com/news/top-crypto-gainers-today-on-dexscreener-felon-yield-boob.htm,"Top Crypto Gainers Today on DEXScreener ? FELON, YIELD, BOOB",Altcoin News
https://cryptonews.com/news/neo-price-prediction-as-neo-token-slips-2-3-despite-market-rebound-can-neo-reach-20.htm,Neo Price Prediction as NEO Token Slips 2.3% Despite Market Rebound ? Can NEO Reach $20?,Price Predictions
https://cryptonews.com/news/iran-and-russia-working-on-bilateral-cbdc-powered-trade-solutions.htm,Iran and Russia Working on Bilateral CBDC-powered Trade Solutions,News
https://cryptonews.com/news/whales-dive-back-into-solana-meme-coins-with-sealana-crypto-presale-raising-100000-in-minutes-2.htm,"Whales Dive Back Into Solana Meme Coins with SEALANA Crypto Presale Raising $100,000 in Minutes",Industry Talk
https://cryptonews.com/news/hundred-finance-hacker-transfers-stolen-funds.htm,Hundred Finance Hacker Transfers Stolen Funds After A Year Of Inactivity,Blockchain News
https://cryptonews.com/news/wormhole-w-ethena-ena-both-pump-12-in-24-hours-but-maga-vp-mvp-is-the-one-with-1100x-potential.htm,"Wormhole (W) & Ethena (ENA) both pump 12% in 24 hours, but MAGA VP ($MVP) is the one with 1100x potential",Press Releases
https://cryptonews.com/news/us-sanctions-on-crypto-addresses.htm,US Imposes Sanctions on Crypto Addresses Linked to Russian Drone Maker,Blockchain News
https://cryptonews.com/news/doge-price-is-up-7-holders-venture-into-new-dog-themed-ico-looking-for-1121-returns.htm,"DOGE Price Is Up 7%, Holders Venture Into New Dog-Themed ICO, Looking For 1,121% returns",Industry Talk
https://cryptonews.com/news/ex-starknet-and-yuga-labs-execs-join-kraken-backed-100m-l1-nibiru.htm,Ex-Starknet and Yuga Labs Execs Join Kraken-backed $100M L1 Nibiru Chain,Blockchain News
https://cryptonews.com/news/is-sei-going-to-zero-sei-price-drops-3-investors-stockpile-this-new-gamblefi-token.htm,"Is Sei Going to Zero? SEI Price Drops 11%, Investors Stockpile This New GambleFi Token",Industry Talk
https://cryptonews.com/news/whales-dive-back-into-solana-meme-coins-with-sealana-crypto-presale-raising-100000-in-minutes.htm,"Whales Dive Back Into Solana Meme Coins with SEALANA Crypto Presale Raising $100,000 in Minutes",Industry Talk
https://cryptonews.com/news/ai-could-detect-money-laundering-on-bitcoin-blockchain-elliptic-report.htm,AI Could Detect Money Laundering on Bitcoin Blockchain: Elliptic Report,Blockchain News
https://cryptonews.com/news/token2049-day-2-recap-branching-crypto-cap-uniting-l2s-tokenizing-staking-and-more.htm,"TOKEN2049 Day 2 Recap: Branching Crypto Cap, Uniting L2s, Tokenizing Staking and More",Blockchain News
https://cryptonews.com/news/riot-platforms-reports-211-8m-q1-2024-net-income.htm,"Riot Platforms Reports $211.8M Q1 2024 Net Income, Falls Short of Revenue Expectations",Blockchain News
https://cryptonews.com/news/hong-kong-za-bank-roll-out-virtual-asset-retail-services.htm,Hong Kong's ZA Bank to Roll Out Virtual Asset Retail Services as New Regulations Approach,News
https://cryptonews.com/news/stacks-price-prediction-as-stx-token-slides-under-2-how-low-will-stx-go.htm,Stacks Price Prediction as STX Token Slides Under $2 ? How Low Will STX Go?,Price Predictions
https://cryptonews.com/news/top-crypto-gainers-today-on-dexscreener-aitax-america-booe.htm,"Top Crypto Gainers Today on DEXScreener ? AITAX, AMERICA, BOOE",Altcoin News
https://cryptonews.com/news/best-crypto-to-buy-today-april-30-wormhole-optimism-axelar.htm,"Best Crypto to Buy Today April 30 ? Wormhole, Optimism, Axelar",Altcoin News
https://cryptonews.com/news/solanas-greatest-multichain-meme-coin-dogeverse-bags-13-million-in-ongoing-presale-2.htm,Solana?s Greatest Multichain Meme Coin Dogeverse Bags $13 Million In Ongoing Presale,Industry Talk
https://cryptonews.com/news/new-ai-meme-coin-ico-wienerai-adds-trading-bot-ai-companion-feature-laps-up-700000-2.htm,"New AI Meme Coin ICO WienerAI Adds Trading Bot AI Companion Feature, Laps Up $700,000",Industry Talk
https://cryptonews.com/news/roger-ver-arrested-for-50m-tax-fraud.htm,Roger Ver Arrested for $50M Tax Fraud,Blockchain News
https://cryptonews.com/news/rwa-tokenization-firm-securitize-secures-47-million-investment-led-by-blackrock.htm,RWA Tokenization Firm Securitize Secures $47 Million Investment Led by BlackRock,Blockchain News
https://cryptonews.com/news/new-ai-meme-coin-ico-wienerai-adds-trading-bot-ai-companion-feature-laps-up-700000.htm,"New AI Meme Coin ICO WienerAI Adds Trading Bot AI Companion Feature, Laps Up $700,000",Press Releases
https://cryptonews.com/news/solanas-greatest-multichain-meme-coin-dogeverse-bags-13-million-in-ongoing-presale.htm,Solana?s Greatest Multichain Meme Coin Dogeverse Bags $13 Million In Ongoing Presale,Press Releases
https://cryptonews.com/news/is-arweave-going-to-zero-ar-price-drops-18-5-while-traders-are-accumulating-this-new-gamblefi-token.htm,"Is Arweave Going to Zero? AR Price Drops 18.7%, While Traders Are Accumulating This New GambleFi Token",Industry Talk
https://cryptonews.com/news/baxus-raises-5-million-in-funding-to-expand-web3-spirits-marketplace.htm,BAXUS Raises $5 Million in Funding to Expand Web3 Spirits Marketplace,Blockchain News
https://cryptonews.com/news/mollars-token-presale-extended-as-first-crypto-exchange-confirms-it-will-launch.htm,Mollars Token Presale Extended As First Crypto Exchange Confirms It Will Launch,Industry Talk
https://cryptonews.com/news/hale-investor-who-made-5000000-last-bull-run-reveals-3-coins-he-is-accumulating-for-2024-gains.htm,"hale Investor Who Made $5,000,000 Last Bull Run Reveals 3 Coins He is Accumulating for 2024 Gains",Press Releases
https://cryptonews.com/news/solana-meme-coin-penguiana-secures-200000-seed-round-from-nanosprout-ventures.htm,"Solana Meme Coin Penguiana Secures $200,000 Seed Round from Nanosprout Ventures",Press Releases
https://cryptonews.com/news/chirp-network-joins-peaq-to-build-unified-depin-connectivity.htm,Chirp Network Joins peaq to Build Unified DePIN Connectivity,Blockchain News
https://cryptonews.com/news/rwa-tokenization-protocols-surpass-8-billion-in-tvl.htm,"RWA Tokenization Protocols Experience Explosive Growth, Surpassing $8 Billion in TVL",News
https://cryptonews.com/news/clair-token-goes-live-with-its-ai-and-voice-over-avatar-meme-project.htm,CLAIR Token Goes Live With Its AI And Voice-Over Avatar Meme Project,Press Releases
https://cryptonews.com/news/best-crypto-presales.htm,20 Best Crypto Presales to Invest In ? Upcoming Token Sales,Industry Talk
https://cryptonews.com/news/china-amcs-bitcoin-etf-to-open-door-for-chinese-rmb-investors.htm,China AMC's Bitcoin ETF to Open Door for Chinese RMB Investors,Bitcoin News
https://cryptonews.com/news/south-korean-tech-giants-naver-kakao-aim-to-launch-token-in-june.htm,"South Korean Tech Giants Naver, Kakao Aim to Launch Token in June",News
https://cryptonews.com/news/aptos-price-prediction-as-community-welcomes-shinami-where-might-apt-go-next.htm,Aptos Price Prediction as Community Welcomes Shinami ? Where Might APT Go Next?,Price Predictions
https://cryptonews.com/news/top-crypto-gainers-today-on-dexscreener-elon-america-monke.htm,"Top Crypto Gainers Today on DEXScreener ? ELON, AMERICA, MONKE",Altcoin News
https://cryptonews.com/news/slothana-to-distribute-airdrop-and-add-liquidity-in-24-hours-following-successful-15-million-presale-2.htm,Slothana To Distribute Airdrop and Add Liquidity In 24 Hours Following Successful $15 Million Presale,Industry Talk
https://cryptonews.com/news/best-crypto-to-buy-today-april-30-wormhole-ethena-cronos.htm,"Best Crypto to Buy Today April 30 ? Wormhole, Ethena, Cronos",Altcoin News
https://cryptonews.com/news/bitcoin-breaks-through-1-6m-confirmed-transactions-in-a-single-day.htm,Bitcoin Breaks Through 1.6M Confirmed Transactions in a Single Day,Bitcoin News
https://cryptonews.com/news/solana-meme-coin-hits-a-328t-market-cap-using-a-scam-method.htm,Solana Meme Coin Hits a $328T Market Cap Using a Scam Method,Altcoin News
https://cryptonews.com/news/is-the-next-shiba-inu-a-sausage-dog-ai-meme-coin-hybrid.htm,Is The Next Shiba Inu A Sausage Dog AI Meme Coin Hybrid?,Industry Talk
https://cryptonews.com/news/poloniex-hacker-transfers-massive-32-million-bitcoin-stash.htm,Poloniex Hacker Transfers Massive $32 Million Bitcoin Stash,Blockchain News
https://cryptonews.com/news/do-kwon-and-terraform-labs-push-for-reduced-fine-after-terrs-luna-crash.htm,Terraform Labs And Do Kwon Push For $1 Million SEC Fine Opposed To $5.8 Billion Demanded After Terra-Luna Crash,Blockchain News
https://cryptonews.com/news/token2049-day-1-recap-bullish-views-new-btc-web2-to-web3-bridges-and-tradfi-interest.htm,"TOKEN2049 Day 1 Recap: Bullish Views, New BTC, Web2-to-Web3 Bridges, and TradFi Interest",Blockchain News
https://cryptonews.com/news/blockdags-presale-surges-to-21-7m-following-forbes-accidental-reveal-of-advisory-committee-member.htm,BlockDAG's Presale Surges to $21.7M Following Forbes' Accidental Reveal of Advisory Committee Member,Press Releases
https://cryptonews.com/news/slothana-to-distribute-airdrop-and-add-liquidity-in-24-hours-following-successful-15-million-presale.htm,Slothana To Distribute Airdrop and Add Liquidity In 24 Hours Following Successful $15 Million Presale,Press Releases
https://cryptonews.com/news/hackers-drain-funds-from-defunct-defi-lending-protocol-yield-protocol.htm,Hackers Drain Funds from Defunct DeFi Lending Protocol Yield Protocol,News
https://cryptonews.com/news/certik-audited-blastup-ico-raises-5-million-best-new-token-to-watch.htm,CertiK Audited BlastUP ICO Raises $5 Million - Best New Token To Watch?,Press Releases
https://cryptonews.com/news/ripple-partners-with-hashkey-dx-to-introduce-xrpl-based-solutions-in-japan-through-sbi-group.htm,Ripple Partners with HashKey DX to Introduce XRPL-Based Solutions in Japan through SBI Group,Blockchain News
https://cryptonews.com/news/former-revolut-employees-launch-x10-exchange-to-fill-market-gap-left-by-ftx-securing-6-5m-in-funding.htm,"Former Revolut Employees Launch X10 Exchange to Fill Market Gap Left by FTX, Securing $6.5M in Funding",Altcoin News
https://cryptonews.com/news/new-al-meme-token-baby-sinclair-clair-launches-presale-next-100x-altcoin.htm,New Al Meme Token Baby Sinclair (CLAIR) Launches Presale - Next 10x Altcoin?,Press Releases
https://cryptonews.com/news/near-protocol-price-prediction-as-near-retraces-with-market-drop-is-it-time-to-load-up.htm,Near Protocol Price Prediction as NEAR Retraces With Market Drop ? Is It Time to Load Up?,Price Predictions
https://cryptonews.com/news/is-optimism-going-to-zero-op-price-drops-4-while-experts-are-stocking-up-on-this-new-gamblefi-token.htm,"Is Optimism Going to Zero? OP Price Drops 4%, While Experts Are Stocking Up On This New GambleFi Token",Industry Talk
https://cryptonews.com/news/survey-reveals-45-of-indian-users-with-retirement-plans-are-investing-in-crypto.htm,Survey Reveals 45% of Indian Users with Retirement Plans Are Investing in Crypto,Altcoin News
https://cryptonews.com/exclusives/gracy-chen-managing-director-of-bitget-on-the-current-bull-run-memecoin-mania-ai-tokens-and-getting-listed-on-crypto-exchanges-ep-330.htm,"Gracy Chen, Managing Director of Bitget, on The Current Bull Run, Memecoin Mania, AI Tokens, and Getting Listed on Crypto Exchanges | Ep. 330",Blockchain News
https://cryptonews.com/news/the-road-to-0-0001-bitgert-coins-potential-unveiled.htm,The Road to $0.0001: Bitgert Coin's Potential Unveiled,Press Releases
https://cryptonews.com/news/pollbits-redefines-crypto-trading-standards-with-industry-leading-features-and-services.htm,Pollbits Redefines Crypto Trading Standards with Industry-Leading Features and Services,Press Releases
https://cryptonews.com/news/dogemob-expands-ecosystem-with-game-development-staking-exchange-listings-and-enhanced-governance.htm,"DogeMob Expands Ecosystem with Game Development, Staking, Exchange Listings, and Enhanced Governance",Press Releases
https://cryptonews.com/news/omnity-protocol-launches-new-integration-for-low-fee-runes-trading.htm,Omnity Protocol Launches New Integration for Low Fee Runes Trading,News
https://cryptonews.com/news/web3-gaming-startup-gfal-raises-3-2m-in-funding-round.htm,Web3 Gaming Startup GFAL Raises $3.2M in Funding Round Led by Supercell and Mitch Lasky,News
https://cryptonews.com/news/new-crypto-alert-gamblefi-gem-scorpion-casino-is-live-on-exchanges-after-10m-presale.htm,New Crypto Alert: GambleFi Gem Scorpion Casino Is Live on Exchanges After $10M Presale,Press Releases
https://cryptonews.com/news/mollars-token-creator-sends-animated-warning-about-shiba-inu-bitcoin-founders.htm,Mollars token creator sends animated ?warning? about Shiba Inu & Bitcoin founders,Industry Talk
https://cryptonews.com/news/this-solana-based-meme-coin-could-skyrocket-2500-by-july-2024-reckons-analyst-who-called-2021-bull-run-top.htm,"This Solana-Based Meme Coin Could Skyrocket 2500% by July 2024, Reckons Analyst Who Called 2021 Bull Run Top",Press Releases
https://cryptonews.com/news/north-korean-lazarus-group-allegedly-laundered-over-200-million-in-stolen-crypto-from-2020-to-2023.htm,North Korean Lazarus Group Allegedly Laundered Over $200 Million in Stolen Crypto from 2020 to 2023,Blockchain News
https://cryptonews.com/news/algorand-price-prediction-as-community-gathers-at-eth-boston-can-algo-reach-2.htm,Algorand Price Prediction as Community Gathers At ETH Boston ? Can ALGO Reach $2?,Industry Talk
https://cryptonews.com/news/circles-usdc-stablecoin-surpasses-tethers-usdt-in-transaction.htm,Circle?s USDC Stablecoin Surpasses Tether?s USDT in Transaction Volume,Blockchain News
https://cryptonews.com/news/gary-gensler-and-sec-believed-eth-was-a-security.htm,"SEC And Gary Gensler Believed Ether Was A Security For At Least A Year, New Court Docs Reveal",Ethereum News
https://cryptonews.com/news/crypto-exchange-listing-and-delisting-announcements-april-29-2024.htm,"Crypto Exchange Listing and Delisting Announcements: April 29, 2024",Altcoin News
https://cryptonews.com/news/best-crypto-to-buy-today-april-29-wormhole-sei-helium.htm,"Best Crypto to Buy Today April 29 ? Wormhole, Sei, Helium",Industry Talk
https://cryptonews.com/news/exa-protocol-unveils-groundbreaking-mobile-first-web3-apps-at-exaconf-2024.htm,Exa Protocol Unveils Groundbreaking Mobile-First Web3 Apps at ExaConf 2024,Press Releases
https://cryptonews.com/news/tether-invests-200-million-in-blackrock-neurotech-for-neurological-disorder-solutions.htm,Tether Invests $200 Million in Blackrock Neurotech's Neurological Disorder Solutions,Blockchain News
https://cryptonews.com/news/four-arrested-in-an-alleged-1-5-million-gold-coast-cryptocurrency-investment-scam.htm,Four Arrested in an Alleged $1.5 Million Gold Coast Crypto Investment Scam,Altcoin News
https://cryptonews.com/news/new-elon-musk-inspired-elonwif-token-trending-and-experts-say-this-other-coin-is-next.htm,New Elon Musk-Inspired ELONWIF Token Trending and Experts Say This Other Coin is Next,Industry Talk
https://cryptonews.com/news/lazarus-group-targets-linkedin-users-impersonates-fenbushi-capital-executive-slowmist.htm,"Lazarus Group Targets LinkedIn Users, Impersonates Fenbushi Capital Executive: SlowMist",News
https://cryptonews.com/news/solana-price-prediction-as-sol-drops-5-overnight-whats-going-on.htm,Solana Price Prediction as SOL Drops 5% Overnight ? What's Going On?,Price Predictions
https://cryptonews.com/news/can-the-upcoming-south-africa-elections-swing-in-favor-of-crypto.htm,Can the Upcoming South Africa Elections Swing In Favor of Crypto?,Altcoin News
https://cryptonews.com/news/micropets-a-journey-of-redemption-led-by-jessus-zambrano.htm,"MicroPets, A Journey of Redemption Led by Jessus Zambrano",Press Releases
https://cryptonews.com/news/the-bitgert-coin-eruption-prepare-for-a-2000-surge.htm,The Bitgert Coin Eruption: Prepare for a +2000% Surge!,Press Releases
https://cryptonews.com/news/is-bonk-going-to-zero-bonk-price-drops-8-as-latest-meme-coin-pre-sale-drops-soon.htm,Is Bonk Going to Zero? BONK Price Drops 8% As Latest Meme Coin Pre-Sale Drops Soon,Industry Talk
https://cryptonews.com/news/top-chinese-law-firm-analyzes-digital-yuan-aml-challenges.htm,Top Chinese Law Firm Analyzes Digital Yuan AML Challenges,Blockchain News
https://cryptonews.com/news/thai-sec-warns-crypto-exchanges-against-glamorizing-investments-emphasizes-advertising-compliance.htm,"Thai SEC Warns Crypto Exchanges Against Glamorizing Investments, Emphasizes Advertising Compliance",Altcoin News
https://cryptonews.com/news/franklin-templeton-lists-ethereum-etf-under-ticker-ezet-on-dtcc.htm,Franklin Templeton Lists Ethereum ETF Under Ticker 'EZET' on DTCC,News
https://cryptonews.com/news/insanity-bets-does-the-latest-gamblefi-craze-mark-the-pinnacle-of-decentralized-casino-gaming.htm,Insanity Bets: Does the Latest GambleFi Craze Mark the Pinnacle of Decentralized Casino Gaming?,Press Releases
https://cryptonews.com/news/telegram-becoming-crypto-powered-narcotics-department-store-for-south-koreans.htm,Telegram Becoming ?Crypto-powered Narcotics Department Store? for South Koreans,News
https://cryptonews.com/news/russian-crypto-ban-could-come-into-force-by-september-lawmakers-confirm.htm,"Russian ?Crypto Ban? Could Come into Force by September, Lawmakers Confirm",News
https://cryptonews.com/news/dogecoin-price-prediction-as-700-million-trading-volume-sends-doge-into-the-green-are-whales-waking-up-again.htm,Dogecoin Price Prediction as $700 Million Trading Volume Sends DOGE into the Green ? Are Whales Waking Up Again?,Price Predictions
https://cryptonews.com/news/google-clouds-web3-portal-launch-triggers-mixed-reactions-in-crypto-community.htm,Google Cloud's Web3 Portal Launch Triggers Mixed Reactions in Crypto Community,Altcoin News
https://cryptonews.com/news/thailand-battles-unlicensed-crypto-exchanges-milei-moneda-meda-presale-gears-for-bullish-rally.htm,Thailand Battles Unlicensed Crypto Exchanges; Milei Moneda ($MEDA) Presale Gears For Bullish Rally,Press Releases
https://cryptonews.com/news/learn-why-online-gambling-needs-innovation-and-how-crypto-gambling-can-be-the-solution.htm,Learn Why Online Gambling Needs Innovation and How Crypto Gambling Can Be the Solution,Press Releases
https://cryptonews.com/news/ethereum-blockchains-new-bitcoin-will-sellout-mollars-ico-now-past-65-sold.htm,Ethereum Blockchain?s New Bitcoin ?Will? Sellout ? Mollars ICO Now Past 65% Sold,Industry Talk
https://cryptonews.com/news/breaking-records-gaswizards-gwiz-token-presale-crosses-50k-milestone-in-just-5-days.htm,Breaking Records: Gaswizard's GWIZ Token Presale Crosses $50K Milestone in Just 5 Days!,Press Releases
https://cryptonews.com/news/taking-ordinals-to-a-new-level-why-bitcoin-inscriptions-need-ar.htm,Taking Ordinals to a New Level: Why Bitcoin Inscriptions Need AR,Industry Talk
https://cryptonews.com/news/verasity-and-creo-engine-partner-to-enhance-creo-play-with-video-capabilities-and-innovative-rewards.htm,Verasity and Creo Engine Partner to Enhance Creo Play with Video Capabilities and Innovative Rewards,Industry Talk
https://cryptonews.com/news/former-wall-street-analyst-predicts-bitcoin-btc-will-reach-200000-during-the-2024-25-bull-run-highlights-solana-competitor-priced-under-0-05-as-the-most-promising-altcoin-this-cycle.htm,"Former Wall Street Analyst Predicts Bitcoin (BTC) Will Reach $200,000 During the 2024-25 Bull Run, Highlights Solana Competitor Priced Under $0.05 as the Most Promising Altcoin This Cycle",Press Releases
https://cryptonews.com/news/shiba-inu-realizes-12m-in-funding-for-new-l3-network-pepe-price-surges-new-gaming-platform-takes-center-stage.htm,"Shiba Inu Realizes $12M in Funding for New L3 Network, Pepe Price Surges, New Gaming Platform Takes Center Stage",Press Releases
https://cryptonews.com/news/new-ai-meme-coin-ico-wienerai-laps-up-350000-2.htm,"New AI Meme Coin ICO WienerAI Laps Up $350,000",Industry Talk
https://cryptonews.com/news/best-crypto-to-buy-now-april-26-litecoin-neo-ethereum-classic.htm,"Best Crypto to Buy Now April 26 ? Litecoin, Neo, Ethereum Classic",Industry Talk
https://cryptonews.com/news/cardano-investors-swing-to-this-exciting-virtual-reality-ico-chasing-potential-2300-profits.htm,"Cardano Investors Swing to This Exciting Virtual Reality ICO, Chasing Potential 2,300% Profits",Industry Talk
https://cryptonews.com/news/data-indicates-stablecoins-are-becoming-a-global-asset-class.htm,Data Indicates Stablecoins Are Becoming A Global Asset Class,Altcoin News
https://cryptonews.com/news/510-million-in-ethereum-longs-at-risk-amid-potential-weekend-volatility-massive-price-swing-incoming.htm,$510 Million in Ethereum Longs at Risk Amid Potential Weekend Volatility ? Massive Price Swing Incoming?,Ethereum News
https://cryptonews.com/news/bitcoin-core-developer-claims-runes-protocol-exploits-bitcoin-blockchains-design-flaw.htm,Bitcoin Core Developer Claims Runes Protocol Exploits Bitcoin Blockchain's Design Flaw,Bitcoin News
https://cryptonews.com/news/blockdag-sets-sights-on-30-by-2030-leading-ahead-of-shiba-inu-and-dogecoin-in-market-momentum.htm,"BlockDAG Sets Sights on $30 by 2030, Leading Ahead of Shiba Inu and Dogecoin In Market Momentum",Sponsored
https://cryptonews.com/news/rare-alien-cryptopunk-nft-sells-for-record-breaking-12-38-million-eth.htm,Rare Alien CryptoPunk NFT Sells For Record Breaking $12.38 Million ETH,NFT News
https://cryptonews.com/news/solana-sloth-meme-project-slothana-raises-15-million-48-hour-presale-countdown-begins.htm,Solana Sloth Meme Project Slothana Raises $15 Million ? 48 Hour Presale Countdown Begins,Press Releases
https://cryptonews.com/news/architect-of-chinas-cbdc-project-faces-probe-for-alleged-violations-of-discipline-and-law.htm,"Architect of China's CBDC Project Faces Probe for Alleged Violations of Discipline and Law""""",Altcoin News
https://cryptonews.com/news/shiba-inu-price-prediction-as-shib-surges-to-0-00002569-should-you-invest-today.htm,Shiba Inu Price Prediction as SHIB Surges to $0.00002569 ? Should You Invest Today?,Price Predictions
https://cryptonews.com/news/solana-price-prediction-as-sol-shows-strong-recovery-signs-is-it-time-to-load-up.htm,Solana Price Prediction as SOL Shows Strong Recovery Signs ? Is It Time to Load Up?,Price Predictions
https://cryptonews.com/news/trending-revolution-bitgert-coins-unstoppable-ascent-to-prominence.htm,Trending Revolution: Bitgert Coin's Unstoppable Ascent to Prominence,Press Releases
https://cryptonews.com/news/ace-exchange-over-30-charged-in-24m-crypto-fraud.htm,Over 30 People Charged In $24M Crypto Fraud Linked to Taiwan's ACE Exchange,News
https://cryptonews.com/news/armenian-officials-trained-on-essential-techniques-and-tools-for-effective-crypto-crime-investigations.htm,Armenian Officials Trained on Essential Techniques and Tools for Effective Crypto-Crime Investigations,Altcoin News
https://cryptonews.com/news/real-world-data-unlocks-the-true-value-of-tokenization-chainlink.htm,Real-World Data Unlocks the True Value of Tokenization: Chainlink,Blockchain News
https://cryptonews.com/news/stripe-to-resume-crypto-payments-starting-with-usdc-stablecoin-on-numerous-blockchains.htm,"Stripe to Resume Crypto Payments, Starting with USDC Stablecoin on Numerous Blockchains",Altcoin News
https://cryptonews.com/news/pantera-capital-seeks-to-raise-1-billion-for-new-fund.htm,Pantera Capital Seeks to Raise $1 Billion for New Fund Offering Exposure to Crypto Assets,Altcoin News
https://cryptonews.com/news/magic-partners-with-tezos-foundation-to-simplify-dapp-onboarding.htm,Magic Partners with Tezos Foundation to Simplify dApp Onboarding,Blockchain News
https://cryptonews.com/news/snuke-coin-leading-the-next-big-wave-of-solana-meme-coin.htm,"$SNUKE Coin, Leading The Next Big Wave of Solana Meme Coin",Press Releases
https://cryptonews.com/news/a16z-crypto-advises-against-u-s-token-sales-citing-regulatory-risks.htm,"a16z Crypto Advises Against U.S. Token Sales, Citing Regulatory Risks",Blockchain News
https://cryptonews.com/news/shiba-inu-investors-turn-their-attention-to-this-new-eco-friendly-ico-aiming-for-a-1000-windfall.htm,"Shiba Inu Investors Turn Their Attention to This New Eco-Friendly ICO, Aiming for a 1000% Windfall",Industry Talk
https://cryptonews.com/news/polychain-capital-leads-38-million-investment-to-integrate-facebook-onto-ethereum.htm,Polychain Capital Leads $38 Million Investment in Movement Labs to Integrate Facebook's Move onto Ethereum,Blockchain News
https://cryptonews.com/news/charles-hoskinson-reiterates-purpose-of-cryptocurrency.htm,Cardano Founder Charles Hoskinson Reiterates Core Purpose of Cryptocurrency ? Here's What You Need to Know,Blockchain News
https://cryptonews.com/news/three-days-left-to-buy-into-solanas-new-15-million-stoner-meme-project-slothana.htm,Three Days Left To Buy Into Solana?s New $15 Million Stoner Meme Project Slothana,Industry Talk
https://cryptonews.com/news/best-crypto-to-buy-now-april-25-wormhole-bonk-pepe.htm,"Best Crypto to Buy Now April 25 ? Wormhole, Bonk, Pepe",Industry Talk
https://cryptonews.com/news/consensys-files-a-lawsuit-against-the-sec.htm,Consensys Files Lawsuit Against the SEC Over Ethereum Regulation,Ethereum News
https://cryptonews.com/news/runes-protocol-helps-sustain-bitcoin-mining-industry-but-theres-a-catch.htm,"Runes Protocol Helps Sustain Bitcoin Mining Industry, But There?s A Catch",Bitcoin News
https://cryptonews.com/news/algorands-price-becomes-top-performer-as-excitement-builds-around-new-meme-coin-with-15-million-raise.htm,Algorand's Price Becomes Top Performer as Excitement Builds Around New Meme Coin with $15 Million Raise,Industry Talk
https://cryptonews.com/news/manchester-city-quidd-launch-digital-collectibles-fan-experiences.htm,Manchester City Teams Up with Quidd to Launch Digital Collectibles and Fan Experiences,News
https://cryptonews.com/news/blockchain-life-2024-thunderstruck-in-dubai.htm,Blockchain Life 2024 thunderstruck in Dubai,Press Releases
https://cryptonews.com/news/eagerly-anticipated-bitgert-coin-price-surge-expected.htm,Eagerly Anticipated: Bitgert Coin Price Surge Expected,Press Releases
https://cryptonews.com/news/runes-make-up-68-of-all-bitcoin-transactions-since-the-halving.htm,Runes Make Up 68% of All Bitcoin Transactions Since the Halving,Bitcoin News
https://cryptonews.com/news/legal-pad-with-buy-bitcoin-note-shown-behind-janet-yellen-fetches-1-million-in-auction.htm,Legal Pad with 'Buy Bitcoin' Note Shown Behind Janet Yellen Fetches $1 Million in Auction,Altcoin News
https://cryptonews.com/news/sam-altman-crypto-project-worldcoin-needs-more-orbs-sign-ups.htm,Sam Altman?s Crypto Project Worldcoin Needs More Orbs for Sign-Ups,News
https://cryptonews.com/news/pyth-network-price-feeds-launch-on-morph.htm,Pyth Network Price Feeds Launch on Morph Giving Developers Access to Real-Time Feeds,News
https://cryptonews.com/news/top-crypto-gainers-today-on-dextools-elon-boysclub-vitalik.htm,"Top Crypto Gainers Today on DEXTools ? ELON, BOYSCLUB, VITALIK",Altcoin News
https://cryptonews.com/news/dogecoin-enthusiasts-shift-focus-to-latest-green-crypto-ico.htm,Dogecoin Enthusiasts Shift Focus to Latest Green Crypto ICO ? Is This the Next Big Hit?,Industry Talk
https://cryptonews.com/news/stage-6-presale-surge-pushd-e-commerce-platform-welcomes-cardano-and-tether-usdt-holders-as-it-vies-to-outpace-ebay.htm,Stage 6 Presale Surge: Pushd E-Commerce Platform Welcomes Cardano and Tether USDt Holders As it Vies to Outpace eBay,Press Releases
https://cryptonews.com/news/south-korea-are-busans-digital-asset-exchange-plans-in-jeopardy.htm,South Korea: Are Busan?s Digital Asset Exchange Plans in Jeopardy?,News
https://cryptonews.com/news/fireblocks-defi-tools-institutions.htm,Fireblocks Launches DeFi Threat Protection Tools For Institutions,Blockchain News
https://cryptonews.com/news/donald-trumps-wife-melania-trump-selling-necklace-and-nft-on-solana-blockchain.htm,Former First Lady Melania Trump Selling Mother's Day Necklace With NFT On The Solana Blockchain,NFT News
https://cryptonews.com/news/best-crypto-to-buy-now-april-24-bonk-algo-hbar.htm,"Best Crypto to Buy Now April 24 ? BONK, ALGO, HBAR",Industry Talk
https://cryptonews.com/news/gas-wizard-launches-an-innovative-blockchain-approach-to-combat-rising-gas-prices.htm,Gas Wizard Launches an Innovative Blockchain Approach to Combat Rising Gas Prices,Sponsored
https://cryptonews.com/news/north-korea-crypto-hack-on-linkedin-by-lazarus-group.htm,Lazarus Group Targeting LinkedIn Users As Part Of North Korea Crypto Hacking Scheme,Blockchain News
https://cryptonews.com/news/as-pepe-price-skyrockets-watch-out-for-this-emerging-meme-coin-poised-for-exchange-listings-could-it-be-the-next-100x.htm,"As Pepe Price Skyrockets, Watch Out for This Emerging Meme Coin Poised for Exchange Listings ? Could It Be the Next 100x?",Industry Talk
https://cryptonews.com/news/ripple-xrp-signals-positive-price-movement-amidst-sec-settlement-polygon-matic-declines-but-rollblock-rblk-readies-for-significant-growth.htm,Ripple (XRP) Signals Positive Price Movement Amidst SEC Settlement; Polygon (MATIC) Declines But Rollblock (RBLK) Readies For Significant Growth,Press Releases
https://cryptonews.com/news/jpmorgan-warns-of-bitcoin-price-decline-post-halving-hlx-token-presale-offers-stability-in-uncertain-times.htm,JPMorgan Warns of Bitcoin Price Decline Post-Halving: HLX Token Presale Offers Stability in Uncertain Times,Press Releases
https://cryptonews.com/news/pelfort-pelf-the-new-king-of-solana-meme-coins-is-on-the-rise.htm,Pelfort (PELF): The New King of Solana Meme Coins is on the Rise!,Press Releases
https://cryptonews.com/news/crypto-betting-app-coinpoker-follows-rollbit-with-zero-withdrawal-fees-trend.htm,Crypto Betting App CoinPoker Follows Rollbit With Zero Withdrawal Fees Trend,Blockchain News
https://cryptonews.com/news/new-multichain-meme-coin-dogeverse-presale-smashes-through-10-million.htm,New Multichain Meme Coin Dogeverse Presale Smashes Through $10 Million,Price Predictions
https://cryptonews.com/news/online-gambling-is-set-for-huge-growth-scorp-token-is-the-best-investment-gateway-to-the-fertile-niche.htm,Online Gambling is Set for Huge Growth: $SCORP Token is the Best Investment Gateway to the Fertile Niche,Press Releases
https://cryptonews.com/news/gamblefi-is-hot-why-new-crypto-coin-insanity-bets-could-pump-in-2024.htm,GambleFi is Hot: Why New Crypto Coin Insanity Bets Could Pump in 2024,Press Releases
https://cryptonews.com/news/the-big-boom-bitgert-coin-price-projected-for-explosive-growth-this-month.htm,The Big Boom: Bitgert Coin Price Projected for Explosive Growth This Month,Press Releases
https://cryptonews.com/news/a-new-meme-coin-project-making-waves-in-cryptocurrency-space.htm,A New Meme Coin Project Making Waves in Cryptocurrency Space,Press Releases
https://cryptonews.com/news/chainlink-says-cross-chain-interoperability-protocol-available-to-all-developers-now.htm,Chainlink Says Cross-Chain Interoperability Protocol Available to All Developers Now,News
https://cryptonews.com/news/despite-market-wobbles-neo-neo-dogecoin-doge-investors-are-drawn-to-kelexo-klxo-presale-promising-up-to-25x-rewards.htm,"Despite Market Wobbles, NEO (NEO) & Dogecoin (DOGE) Investors Are Drawn to Kelexo (KLXO) Presale, Promising Up to 25X Rewards",Press Releases
https://cryptonews.com/news/based-degen-clubs-bdc-token-soars-from-200k-to-1-5m-in-the-first-12-hours.htm,Based Degen Club's $BDC Token Soars From $200K to $1.5M in the First 12 Hours,Altcoin News
https://cryptonews.com/news/web3-gaming-guild-guildfi-raises-140m-from-binance-labs-coinbase-ventures.htm,"Binance Labs, Coinbase Backed Web3 Gaming Guild GuildFi Rebrands to Zentry",News
https://cryptonews.com/news/best-crypto-to-buy-now-april-23-hedera-akash-network-pepe.htm,"Best Crypto to Buy Now April 23 ? Hedera, Akash Network, Pepe",Industry Talk
https://cryptonews.com/news/solana-dex-aggregator-jupiter-acquires-ultimate-wallet-for-mobile-expansion.htm,Solana DEX Aggregator Jupiter Acquires Ultimate Wallet for Mobile Expansion,Blockchain News
https://cryptonews.com/news/samsung-subsidiary-invests-in-depin-firm-roam.htm,Samsung Subsidiary Invests in DePIN Firm Roam,News
https://cryptonews.com/news/cardano-price-prediction-as-ada-drops-out-of-the-global-top-10-crypto-rankings-is-it-over-for-ada.htm,Cardano Price Prediction as ADA Drops Out of the Global Top 10 Crypto Rankings ? Is It Over for ADA?,Industry Talk
https://cryptonews.com/news/zachxbt-exposes-12-abandoned-solana-presale-meme-coin-projects-resulting-in-26-7-million-in-losses.htm,ZachXBT Exposes 12 Abandoned Solana Presale Meme Coin Projects Resulting in $26.7 Million in Losses,News
https://cryptonews.com/news/paypal-proposes-incentive-program-for-bitcoin-miners.htm,PayPal Proposes Incentive Program for Bitcoin Miners Utilizing Low-Carbon Energy,Blockchain News
https://cryptonews.com/news/cardano-foundation-launches-pragma-a-new-chapter-in-open-source-blockchain-development-pragma-is-revolutionizing-cardano-by-improving-its-infrastructure-with-innovative-open-source-projects-after.htm,Cardano Foundation Launches PRAGMA: A New Chapter in Open-Source Blockchain Development,Blockchain News
https://cryptonews.com/news/dork-lord-meme-coin-surges-83810-while-another-lesser-known-crypto-nears-10000000-million.htm,"'Dork Lord' Meme Coin Surges 83,810% While Another Lesser-Known Crypto Nears $10,000,000 Million",Industry Talk
https://cryptonews.com/news/pepe-price-prediction-as-coinbase-futures-will-list-the-top-meme-coin-today.htm,Pepe Price Prediction As Coinbase Futures Will List The Top Meme Coin Today,Price Predictions
https://cryptonews.com/news/sec-sued-by-crypto-industry-groups-over-definition-of-dealer-in-securities.htm,SEC Sued by Crypto Industry Groups Over Definition of 'Dealer' in Securities,Altcoin News
https://cryptonews.com/news/blockdags-19-8m-presale-with-the-stellar-moonshot-keynote-shadowing-cardano-price-surge-and-dogecoin-value-increase.htm,"BlockDAG's $19.8M Presale With The Stellar Moonshot Keynote, Shadowing Cardano Price Surge, And Dogecoin Value Increase",News
https://cryptonews.com/news/solana-price-prediction-as-sol-rallies-past-150-zone-new-all-time-high-incoming.htm,Solana Price Prediction as SOL Rallies Past $150 Zone ? New All Time High Incoming?,Price Predictions
https://cryptonews.com/news/velvet-capital-backed-by-binance-labs-temporarily-offline-due-to-phishing-attack-risk.htm,"Velvet Capital, Backed by Binance Labs, Temporarily Offline Due to Phishing Attack Risk",Blockchain News
https://cryptonews.com/news/dutch-blockchain-days-2024-the-leading-dutch-conference-for-blockchain-crypto-and-web3-in-amsterdam-is-back-at-the-19th-of-june.htm,"Dutch Blockchain Days 2024: The Leading Dutch Conference for Blockchain, Crypto, and Web3 in Amsterdam is back at the 19th of June",Press Releases
https://cryptonews.com/news/befe-coin-triumph-the-meme-coin-trending-triumphantly-this-week.htm,BEFE Coin Triumph: The MEME Coin Trending Triumphantly This Week,Press Releases
https://cryptonews.com/news/haribo-token-skyrockets-11000-leading-a-meme-coin-resurgence-as-a-rival-coin-nabs-9-million.htm,"HARIBO Token Skyrockets 11,000%, Leading a Meme Coin Resurgence as a Rival Coin Nabs $9 Million",Industry Talk
https://cryptonews.com/news/bitgert-coin-price-rally-fueled-by-exchange-growth-momentum.htm,Bitgert Coin Price Rally Fueled by Exchange Growth Momentum,Press Releases
https://cryptonews.com/news/bitcoin-halving-2024-game-changer-investors-expert-opinions.htm,Is Bitcoin Halving 2024 a Game-Changer for Investors? Find Out What Experts Predict,Bitcoin News
https://cryptonews.com/news/viabtccoinex-co-sponsor-token-2049-dubai-as-a-testament-to-its-commitment-to-fostering-global-crypto-adoption.htm,ViaBTC?CoinEx Co-Sponsor Token 2049 Dubai as a Testament to Its Commitment to Fostering Global Crypto Adoption,Press Releases
https://cryptonews.com/news/altcoins-and-memecoins-poised-for-short-squeeze-following-btcs-4th-halving-qcp.htm,Altcoins and Memecoins Poised for Short Squeeze Following BTC's 4th Halving: QCP,Altcoin News
https://cryptonews.com/news/arkham-finds-unclaimed-funds-worth-millions.htm,Arkham Finds Unclaimed Funds Worth Millions in Addresses Linked to Large Bridge Contracts,Altcoin News
https://cryptonews.com/news/fueling-the-future-gaswizard-unleashes-a-game-changing-platform-for-mobility-worldwide.htm,Fueling the Future: Gaswizard Unleashes a Game-Changing Platform for Mobility Worldwide,Industry Talk
https://cryptonews.com/news/deestream-surges-as-tron-stellar-investors-bet-on-100x-gains-in-twitch-battle-amid-solanas-decline.htm,DeeStream Surges as TRON & Stellar Investors Bet on 100X Gains in Twitch Battle Amid Solana's Decline,Press Releases
https://cryptonews.com/news/square-enix-is-developing-its-ethereum-nft-game-with-animoca-brands.htm,Square Enix Is Developing Its Ethereum NFT Game Symbiogenesis With Animoca Brands,NFT News
https://cryptonews.com/news/bitcoin-users-spend-record-2-4m-fees-join-bitcoin-halving-history.htm,Bitcoin Users Spend Record $2.4M in Fees to Be a Part of Bitcoin Halving History,Bitcoin News
https://cryptonews.com/news/top-crypto-gainers-today-on-dexscreener-rem-trader-preai.htm,"Top Crypto Gainers Today on DEXScreener ? REM, TRADER, PREAI",Industry Talk
https://cryptonews.com/news/robert-f-kennedy-jr-wants-to-move-us-budget-to-blockchain.htm,Robert F. Kennedy Jr Wants to Move US Budget Management to the Blockchain,Blockchain News
https://cryptonews.com/news/pepe-holders-redirect-funds-to-innovative-bitcoin-ico-can-it-overtake-bitcoin-cash.htm,Pepe Holders Redirect Funds to New Bitcoin ICO ? Can it Overtake Bitcoin Cash?,Industry Talk
https://cryptonews.com/news/dogwifhat-price-prediction-as-wif-drops-6-overnight-whats-going-on.htm,DogWifHat Price Prediction as WIF Drops 6% Overnight ? What's Going On?,Price Predictions
https://cryptonews.com/news/gas-wizard-unveils-blockchain-loyalty-program-amidst-gas-price-surge.htm,Gas Wizard Unveils Blockchain Loyalty Program Amidst Gas Price Surge,Sponsored
https://cryptonews.com/news/shiba-inu-price-prediction-as-team-raises-12-million-for-its-new-blockchain-10-shib-incoming.htm,Shiba Inu Price Prediction as Team Raises $12 Million For Its New Blockchain ? $10 SHIB Incoming?,Price Predictions
https://cryptonews.com/news/only1-secures-5m-for-onlyfans-clone.htm,Only1 Secures $5 Million for Solana-Based OnlyFans Clone,Blockchain News
https://cryptonews.com/news/digital-asset-investment-products-experience-second-consecutive-week-of-outflows-totaling-206m.htm,"Digital Asset Investment Products Experience Second Consecutive Week of Outflows, Totaling $206M",Altcoin News
https://cryptonews.com/news/zkasino-faces-controversy-for-moving-33m-in-investor-and-user-funds-to-lido-staking-protocol.htm,ZKasino Faces Controversy for Moving $33M in Investor and User Funds to Lido Staking Protocol,Altcoin News
https://cryptonews.com/news/bitcoin-price-prediction-as-btc-bounces-above-66000-new-bull-run-starting.htm,"Bitcoin Price Prediction as BTC Bounces Above $66,000 ? New Bull Run Starting?",Bitcoin News
https://cryptonews.com/news/leapfrogging-ahead-koala-coin-klc-rises-with-avalanche-avax-arweave-ar-bites-the-dip-in-this-weeks-market-dynamics.htm,"Leapfrogging Ahead, Koala Coin (KLC) Rises with Avalanche (AVAX), Arweave (AR) Bites the Dip in this Week?s Market Dynamics",Press Releases
https://cryptonews.com/news/bitalplus-unveils-enhanced-cryptocurrency-trading-and-staking-platform.htm,Bitalplus Unveils Enhanced Cryptocurrency Trading and Staking Platform,Press Releases
https://cryptonews.com/news/60-million-usdt-already-issued-on-ton.htm,"$60 Million USDT Already Issued on TON, Making it 11th Largest Blockchain for Tether",News
https://cryptonews.com/news/revolutionising-the-road-gaswizards-launch-marks-a-new-era-in-mobility-solutions.htm,Revolutionising the Road: Gaswizard's Launch Marks a New Era in Mobility Solutions,Industry Talk
https://cryptonews.com/news/bonk-price-prediction-as-bonk-becomes-best-performing-coin-in-the-market-can-bonk-overtake-dogecoin.htm,Bonk Price Prediction as BONK Becomes Best-Performing Coin in the Market ? Can BONK Overtake Dogecoin?,Price Predictions
https://cryptonews.com/news/bitcoin-price-prediction-as-btc-spikes-up-9-from-recent-low-is-the-sell-off-over.htm,Bitcoin Price Prediction as BTC Spikes Up 9% From Recent Low ? Is The Sell Off Over?,News
https://cryptonews.com/news/study-shows-growing-crypto-investments-from-germany-borroe-finance-presale-spotlighted-as-investors-seek-market-opportunities.htm,Study Shows Growing Crypto Investments From Germany; Borroe Finance Presale Spotlighted As Investors Seek Market Opportunities,Press Releases
https://cryptonews.com/news/staking-benefits-and-multiple-reward-mechanisms-means-scorpion-casino-scorp-will-stand-out-in-growing-online-casino-industry.htm,Staking Benefits and Multiple Reward Mechanisms Means Scorpion Casino (SCORP) Will Stand Out In Growing Online Casino Industry,Press Releases
https://cryptonews.com/news/pushds-e-commerce-presale-steals-the-show-amid-crypto-market-fluctuations-stellar-and-cosmos-investors-lead-the-charge.htm,Pushd's E-Commerce Presale Steals the Show Amid Crypto Market Fluctuations: Stellar and Cosmos Investors Lead the Charge,Press Releases
https://cryptonews.com/news/solana-price-prediction-as-6-5-billion-trading-volume-sends-sol-above-140-are-whales-buying.htm,Solana Price Prediction as $6.5 Billion Trading Volume Sends SOL Above $140 ? Are Whales Buying?,Price Predictions
https://cryptonews.com/news/bitcoin-price-prediction-as-bitcoin-halving-executes-successfully-will-a-new-bull-market-start-now.htm,Bitcoin Price Prediction as 'Bitcoin Halving' Executes Successfully ? Will a New Bull Market Start Now?,News
